execution_id;timestamp;repetition;dataset;experiment;data_structure;runtime;storage;
1;1601300969;0;/space/fuchs/shared/graph-two-datasets/soc-bitcoin/base.csr;bfs;vectorAL(0);3468203;;
1;1601300970;0;/space/fuchs/shared/graph-two-datasets/soc-bitcoin/base.csr;insert;vectorAL(0);917231;;
1;1601300974;0;/space/fuchs/shared/graph-two-datasets/soc-bitcoin/base.csr;bfs;vectorAL(0);4038259;;
2;1601300981;0;/space/fuchs/shared/graph-two-datasets/soc-bitcoin/base.csr;bfs;bllAL(32,0);3316880;;
2;1601301134;0;/space/fuchs/shared/graph-two-datasets/soc-bitcoin/base.csr;insert;bllAL(32,0);153618024;;
2;1601301138;0;/space/fuchs/shared/graph-two-datasets/soc-bitcoin/base.csr;bfs;bllAL(32,0);3755299;;
3;1601301146;0;/space/fuchs/shared/graph-two-datasets/soc-bitcoin/base.csr;bfs;bllAL(64,0);3436507;;
3;1601301270;0;/space/fuchs/shared/graph-two-datasets/soc-bitcoin/base.csr;insert;bllAL(64,0);124265655;;
3;1601301274;0;/space/fuchs/shared/graph-two-datasets/soc-bitcoin/base.csr;bfs;bllAL(64,0);3875926;;
4;1601301285;0;/space/fuchs/shared/graph-two-datasets/soc-bitcoin/base.csr;bfs;bllAL(128,0);3526959;;
4;1601301336;0;/space/fuchs/shared/graph-two-datasets/soc-bitcoin/base.csr;insert;bllAL(128,0);51398435;;
4;1601301340;0;/space/fuchs/shared/graph-two-datasets/soc-bitcoin/base.csr;bfs;bllAL(128,0);3987542;;
5;1601301355;0;/space/fuchs/shared/graph-two-datasets/soc-bitcoin/base.csr;bfs;bllAL(248,0);3617377;;
5;1601301376;0;/space/fuchs/shared/graph-two-datasets/soc-bitcoin/base.csr;insert;bllAL(248,0);20462027;;
5;1601301380;0;/space/fuchs/shared/graph-two-datasets/soc-bitcoin/base.csr;bfs;bllAL(248,0);4127743;;
6;1601301405;0;/space/fuchs/shared/graph-two-datasets/soc-bitcoin/base.csr;bfs;bllAL(512,0);3706057;;
6;1601301420;0;/space/fuchs/shared/graph-two-datasets/soc-bitcoin/base.csr;insert;bllAL(512,0);15089083;;
6;1601301424;0;/space/fuchs/shared/graph-two-datasets/soc-bitcoin/base.csr;bfs;bllAL(512,0);4206473;;
7;1601301426;0;/space/fuchs/shared/graph-two-datasets/higgs/base.csr;bfs;vectorAL(0);85950;;
7;1601301426;0;/space/fuchs/shared/graph-two-datasets/higgs/base.csr;insert;vectorAL(0);204531;;
7;1601301426;0;/space/fuchs/shared/graph-two-datasets/higgs/base.csr;bfs;vectorAL(0);96393;;
8;1601301426;0;/space/fuchs/shared/graph-two-datasets/higgs/base.csr;bfs;bllAL(32,0);76010;;
8;1601301426;0;/space/fuchs/shared/graph-two-datasets/higgs/base.csr;insert;bllAL(32,0);339531;;
8;1601301427;0;/space/fuchs/shared/graph-two-datasets/higgs/base.csr;bfs;bllAL(32,0);85433;;
9;1601301427;0;/space/fuchs/shared/graph-two-datasets/higgs/base.csr;bfs;bllAL(64,0);82353;;
9;1601301427;0;/space/fuchs/shared/graph-two-datasets/higgs/base.csr;insert;bllAL(64,0);350575;;
9;1601301427;0;/space/fuchs/shared/graph-two-datasets/higgs/base.csr;bfs;bllAL(64,0);92498;;
10;1601301428;0;/space/fuchs/shared/graph-two-datasets/higgs/base.csr;bfs;bllAL(128,0);86734;;
10;1601301428;0;/space/fuchs/shared/graph-two-datasets/higgs/base.csr;insert;bllAL(128,0);347599;;
10;1601301428;0;/space/fuchs/shared/graph-two-datasets/higgs/base.csr;bfs;bllAL(128,0);91216;;
11;1601301428;0;/space/fuchs/shared/graph-two-datasets/higgs/base.csr;bfs;bllAL(248,0);88192;;
11;1601301429;0;/space/fuchs/shared/graph-two-datasets/higgs/base.csr;insert;bllAL(248,0);362816;;
11;1601301429;0;/space/fuchs/shared/graph-two-datasets/higgs/base.csr;bfs;bllAL(248,0);89639;;
12;1601301430;0;/space/fuchs/shared/graph-two-datasets/higgs/base.csr;bfs;bllAL(512,0);88593;;
12;1601301430;0;/space/fuchs/shared/graph-two-datasets/higgs/base.csr;insert;bllAL(512,0);374282;;
12;1601301430;0;/space/fuchs/shared/graph-two-datasets/higgs/base.csr;bfs;bllAL(512,0);89418;;
13;1601301432;0;/space/fuchs/shared/graph-two-datasets/yahoo-songs/base.csr;bfs;vectorAL(0);402917;;
13;1601301433;0;/space/fuchs/shared/graph-two-datasets/yahoo-songs/base.csr;insert;vectorAL(0);695537;;
13;1601301434;0;/space/fuchs/shared/graph-two-datasets/yahoo-songs/base.csr;bfs;vectorAL(0);437569;;
14;1601301436;0;/space/fuchs/shared/graph-two-datasets/yahoo-songs/base.csr;bfs;bllAL(32,0);379005;;
14;1601301460;0;/space/fuchs/shared/graph-two-datasets/yahoo-songs/base.csr;insert;bllAL(32,0);24056222;;
14;1601301460;0;/space/fuchs/shared/graph-two-datasets/yahoo-songs/base.csr;bfs;bllAL(32,0);484270;;
15;1601301463;0;/space/fuchs/shared/graph-two-datasets/yahoo-songs/base.csr;bfs;bllAL(64,0);382616;;
15;1601301476;0;/space/fuchs/shared/graph-two-datasets/yahoo-songs/base.csr;insert;bllAL(64,0);13703669;;
15;1601301477;0;/space/fuchs/shared/graph-two-datasets/yahoo-songs/base.csr;bfs;bllAL(64,0);457527;;
16;1601301479;0;/space/fuchs/shared/graph-two-datasets/yahoo-songs/base.csr;bfs;bllAL(128,0);378834;;
16;1601301487;0;/space/fuchs/shared/graph-two-datasets/yahoo-songs/base.csr;insert;bllAL(128,0);7820281;;
16;1601301487;0;/space/fuchs/shared/graph-two-datasets/yahoo-songs/base.csr;bfs;bllAL(128,0);437792;;
17;1601301490;0;/space/fuchs/shared/graph-two-datasets/yahoo-songs/base.csr;bfs;bllAL(248,0);394670;;
17;1601301496;0;/space/fuchs/shared/graph-two-datasets/yahoo-songs/base.csr;insert;bllAL(248,0);6039135;;
17;1601301496;0;/space/fuchs/shared/graph-two-datasets/yahoo-songs/base.csr;bfs;bllAL(248,0);433777;;
18;1601301499;0;/space/fuchs/shared/graph-two-datasets/yahoo-songs/base.csr;bfs;bllAL(512,0);383962;;
18;1601301505;0;/space/fuchs/shared/graph-two-datasets/yahoo-songs/base.csr;insert;bllAL(512,0);6031495;;
18;1601301505;0;/space/fuchs/shared/graph-two-datasets/yahoo-songs/base.csr;bfs;bllAL(512,0);426891;;
19;1601301513;0;/space/fuchs/shared/graph-two-datasets/soc-bitcoin/base.csr;bfs;vectorAL(0);3476597;;
19;1601301514;0;/space/fuchs/shared/graph-two-datasets/soc-bitcoin/base.csr;insert;vectorAL(0);901576;;
19;1601301518;0;/space/fuchs/shared/graph-two-datasets/soc-bitcoin/base.csr;bfs;vectorAL(0);4027423;;
20;1601301525;0;/space/fuchs/shared/graph-two-datasets/soc-bitcoin/base.csr;bfs;bllAL(32,0);3300978;;
20;1601301678;0;/space/fuchs/shared/graph-two-datasets/soc-bitcoin/base.csr;insert;bllAL(32,0);152778570;;
20;1601301682;0;/space/fuchs/shared/graph-two-datasets/soc-bitcoin/base.csr;bfs;bllAL(32,0);3829122;;
21;1601301690;0;/space/fuchs/shared/graph-two-datasets/soc-bitcoin/base.csr;bfs;bllAL(64,0);3421663;;
21;1601301811;0;/space/fuchs/shared/graph-two-datasets/soc-bitcoin/base.csr;insert;bllAL(64,0);121057095;;
21;1601301814;0;/space/fuchs/shared/graph-two-datasets/soc-bitcoin/base.csr;bfs;bllAL(64,0);3882476;;
22;1601301825;0;/space/fuchs/shared/graph-two-datasets/soc-bitcoin/base.csr;bfs;bllAL(128,0);3787808;;
22;1601301877;0;/space/fuchs/shared/graph-two-datasets/soc-bitcoin/base.csr;insert;bllAL(128,0);51352457;;
22;1601301881;0;/space/fuchs/shared/graph-two-datasets/soc-bitcoin/base.csr;bfs;bllAL(128,0);4012144;;
23;1601301896;0;/space/fuchs/shared/graph-two-datasets/soc-bitcoin/base.csr;bfs;bllAL(248,0);3647854;;
23;1601301916;0;/space/fuchs/shared/graph-two-datasets/soc-bitcoin/base.csr;insert;bllAL(248,0);20363613;;
23;1601301920;0;/space/fuchs/shared/graph-two-datasets/soc-bitcoin/base.csr;bfs;bllAL(248,0);4115042;;
24;1601301946;0;/space/fuchs/shared/graph-two-datasets/soc-bitcoin/base.csr;bfs;bllAL(512,0);3696284;;
24;1601301961;0;/space/fuchs/shared/graph-two-datasets/soc-bitcoin/base.csr;insert;bllAL(512,0);15054790;;
24;1601301965;0;/space/fuchs/shared/graph-two-datasets/soc-bitcoin/base.csr;bfs;bllAL(512,0);4216837;;
25;1601301966;0;/space/fuchs/shared/graph-two-datasets/higgs/base.csr;bfs;vectorAL(0);85804;;
25;1601301967;0;/space/fuchs/shared/graph-two-datasets/higgs/base.csr;insert;vectorAL(0);203501;;
25;1601301967;0;/space/fuchs/shared/graph-two-datasets/higgs/base.csr;bfs;vectorAL(0);96062;;
26;1601301967;0;/space/fuchs/shared/graph-two-datasets/higgs/base.csr;bfs;bllAL(32,0);76023;;
26;1601301967;0;/space/fuchs/shared/graph-two-datasets/higgs/base.csr;insert;bllAL(32,0);341043;;
26;1601301967;0;/space/fuchs/shared/graph-two-datasets/higgs/base.csr;bfs;bllAL(32,0);85927;;
27;1601301968;0;/space/fuchs/shared/graph-two-datasets/higgs/base.csr;bfs;bllAL(64,0);78132;;
27;1601301968;0;/space/fuchs/shared/graph-two-datasets/higgs/base.csr;insert;bllAL(64,0);321923;;
27;1601301968;0;/space/fuchs/shared/graph-two-datasets/higgs/base.csr;bfs;bllAL(64,0);84152;;
28;1601301968;0;/space/fuchs/shared/graph-two-datasets/higgs/base.csr;bfs;bllAL(128,0);79065;;
28;1601301969;0;/space/fuchs/shared/graph-two-datasets/higgs/base.csr;insert;bllAL(128,0);319549;;
28;1601301969;0;/space/fuchs/shared/graph-two-datasets/higgs/base.csr;bfs;bllAL(128,0);82870;;
29;1601301969;0;/space/fuchs/shared/graph-two-datasets/higgs/base.csr;bfs;bllAL(248,0);80458;;
29;1601301969;0;/space/fuchs/shared/graph-two-datasets/higgs/base.csr;insert;bllAL(248,0);338545;;
29;1601301970;0;/space/fuchs/shared/graph-two-datasets/higgs/base.csr;bfs;bllAL(248,0);83477;;
30;1601301970;0;/space/fuchs/shared/graph-two-datasets/higgs/base.csr;bfs;bllAL(512,0);82858;;
30;1601301971;0;/space/fuchs/shared/graph-two-datasets/higgs/base.csr;insert;bllAL(512,0);354537;;
30;1601301971;0;/space/fuchs/shared/graph-two-datasets/higgs/base.csr;bfs;bllAL(512,0);85775;;
31;1601301973;0;/space/fuchs/shared/graph-two-datasets/yahoo-songs/base.csr;bfs;vectorAL(0);402915;;
31;1601301974;0;/space/fuchs/shared/graph-two-datasets/yahoo-songs/base.csr;insert;vectorAL(0);696728;;
31;1601301974;0;/space/fuchs/shared/graph-two-datasets/yahoo-songs/base.csr;bfs;vectorAL(0);438647;;
32;1601301976;0;/space/fuchs/shared/graph-two-datasets/yahoo-songs/base.csr;bfs;bllAL(32,0);378604;;
32;1601302000;0;/space/fuchs/shared/graph-two-datasets/yahoo-songs/base.csr;insert;bllAL(32,0);24095291;;
32;1601302001;0;/space/fuchs/shared/graph-two-datasets/yahoo-songs/base.csr;bfs;bllAL(32,0);484683;;
33;1601302003;0;/space/fuchs/shared/graph-two-datasets/yahoo-songs/base.csr;bfs;bllAL(64,0);388700;;
33;1601302017;0;/space/fuchs/shared/graph-two-datasets/yahoo-songs/base.csr;insert;bllAL(64,0);13713387;;
33;1601302017;0;/space/fuchs/shared/graph-two-datasets/yahoo-songs/base.csr;bfs;bllAL(64,0);455284;;
34;1601302020;0;/space/fuchs/shared/graph-two-datasets/yahoo-songs/base.csr;bfs;bllAL(128,0);390747;;
34;1601302027;0;/space/fuchs/shared/graph-two-datasets/yahoo-songs/base.csr;insert;bllAL(128,0);7815648;;
34;1601302028;0;/space/fuchs/shared/graph-two-datasets/yahoo-songs/base.csr;bfs;bllAL(128,0);438141;;
35;1601302030;0;/space/fuchs/shared/graph-two-datasets/yahoo-songs/base.csr;bfs;bllAL(248,0);394463;;
35;1601302036;0;/space/fuchs/shared/graph-two-datasets/yahoo-songs/base.csr;insert;bllAL(248,0);6029714;;
35;1601302037;0;/space/fuchs/shared/graph-two-datasets/yahoo-songs/base.csr;bfs;bllAL(248,0);434960;;
36;1601302039;0;/space/fuchs/shared/graph-two-datasets/yahoo-songs/base.csr;bfs;bllAL(512,0);392290;;
36;1601302045;0;/space/fuchs/shared/graph-two-datasets/yahoo-songs/base.csr;insert;bllAL(512,0);6034151;;
36;1601302046;0;/space/fuchs/shared/graph-two-datasets/yahoo-songs/base.csr;bfs;bllAL(512,0);426779;;
37;1601302054;0;/space/fuchs/shared/graph-two-datasets/soc-bitcoin/base.csr;bfs;vectorAL(0);3482803;;
37;1601302055;0;/space/fuchs/shared/graph-two-datasets/soc-bitcoin/base.csr;insert;vectorAL(0);899857;;
37;1601302059;0;/space/fuchs/shared/graph-two-datasets/soc-bitcoin/base.csr;bfs;vectorAL(0);4040277;;
38;1601302066;0;/space/fuchs/shared/graph-two-datasets/soc-bitcoin/base.csr;bfs;bllAL(32,0);3328713;;
38;1601302217;0;/space/fuchs/shared/graph-two-datasets/soc-bitcoin/base.csr;insert;bllAL(32,0);151303203;;
38;1601302221;0;/space/fuchs/shared/graph-two-datasets/soc-bitcoin/base.csr;bfs;bllAL(32,0);3787036;;
39;1601302229;0;/space/fuchs/shared/graph-two-datasets/soc-bitcoin/base.csr;bfs;bllAL(64,0);3415795;;
39;1601302350;0;/space/fuchs/shared/graph-two-datasets/soc-bitcoin/base.csr;insert;bllAL(64,0);121201643;;
39;1601302354;0;/space/fuchs/shared/graph-two-datasets/soc-bitcoin/base.csr;bfs;bllAL(64,0);3870154;;
40;1601302364;0;/space/fuchs/shared/graph-two-datasets/soc-bitcoin/base.csr;bfs;bllAL(128,0);3540739;;
40;1601302416;0;/space/fuchs/shared/graph-two-datasets/soc-bitcoin/base.csr;insert;bllAL(128,0);51294025;;
40;1601302420;0;/space/fuchs/shared/graph-two-datasets/soc-bitcoin/base.csr;bfs;bllAL(128,0);4046444;;
41;1601302435;0;/space/fuchs/shared/graph-two-datasets/soc-bitcoin/base.csr;bfs;bllAL(248,0);3634434;;
41;1601302455;0;/space/fuchs/shared/graph-two-datasets/soc-bitcoin/base.csr;insert;bllAL(248,0);20425715;;
41;1601302459;0;/space/fuchs/shared/graph-two-datasets/soc-bitcoin/base.csr;bfs;bllAL(248,0);4087861;;
42;1601302484;0;/space/fuchs/shared/graph-two-datasets/soc-bitcoin/base.csr;bfs;bllAL(512,0);3716798;;
42;1601302499;0;/space/fuchs/shared/graph-two-datasets/soc-bitcoin/base.csr;insert;bllAL(512,0);15036261;;
42;1601302504;0;/space/fuchs/shared/graph-two-datasets/soc-bitcoin/base.csr;bfs;bllAL(512,0);4247318;;
43;1601302505;0;/space/fuchs/shared/graph-two-datasets/higgs/base.csr;bfs;vectorAL(0);85983;;
43;1601302505;0;/space/fuchs/shared/graph-two-datasets/higgs/base.csr;insert;vectorAL(0);203786;;
43;1601302505;0;/space/fuchs/shared/graph-two-datasets/higgs/base.csr;bfs;vectorAL(0);96062;;
44;1601302506;0;/space/fuchs/shared/graph-two-datasets/higgs/base.csr;bfs;bllAL(32,0);76065;;
44;1601302506;0;/space/fuchs/shared/graph-two-datasets/higgs/base.csr;insert;bllAL(32,0);340537;;
44;1601302506;0;/space/fuchs/shared/graph-two-datasets/higgs/base.csr;bfs;bllAL(32,0);85717;;
45;1601302506;0;/space/fuchs/shared/graph-two-datasets/higgs/base.csr;bfs;bllAL(64,0);78136;;
45;1601302507;0;/space/fuchs/shared/graph-two-datasets/higgs/base.csr;insert;bllAL(64,0);322822;;
45;1601302507;0;/space/fuchs/shared/graph-two-datasets/higgs/base.csr;bfs;bllAL(64,0);84104;;
46;1601302507;0;/space/fuchs/shared/graph-two-datasets/higgs/base.csr;bfs;bllAL(128,0);79358;;
46;1601302507;0;/space/fuchs/shared/graph-two-datasets/higgs/base.csr;insert;bllAL(128,0);318703;;
46;1601302508;0;/space/fuchs/shared/graph-two-datasets/higgs/base.csr;bfs;bllAL(128,0);83171;;
47;1601302508;0;/space/fuchs/shared/graph-two-datasets/higgs/base.csr;bfs;bllAL(248,0);80335;;
47;1601302508;0;/space/fuchs/shared/graph-two-datasets/higgs/base.csr;insert;bllAL(248,0);333953;;
47;1601302508;0;/space/fuchs/shared/graph-two-datasets/higgs/base.csr;bfs;bllAL(248,0);83510;;
48;1601302509;0;/space/fuchs/shared/graph-two-datasets/higgs/base.csr;bfs;bllAL(512,0);82973;;
48;1601302509;0;/space/fuchs/shared/graph-two-datasets/higgs/base.csr;insert;bllAL(512,0);357553;;
48;1601302509;0;/space/fuchs/shared/graph-two-datasets/higgs/base.csr;bfs;bllAL(512,0);87244;;
49;1601302512;0;/space/fuchs/shared/graph-two-datasets/yahoo-songs/base.csr;bfs;vectorAL(0);403398;;
49;1601302512;0;/space/fuchs/shared/graph-two-datasets/yahoo-songs/base.csr;insert;vectorAL(0);694463;;
49;1601302513;0;/space/fuchs/shared/graph-two-datasets/yahoo-songs/base.csr;bfs;vectorAL(0);437983;;
50;1601302515;0;/space/fuchs/shared/graph-two-datasets/yahoo-songs/base.csr;bfs;bllAL(32,0);380031;;
50;1601302539;0;/space/fuchs/shared/graph-two-datasets/yahoo-songs/base.csr;insert;bllAL(32,0);24136528;;
50;1601302540;0;/space/fuchs/shared/graph-two-datasets/yahoo-songs/base.csr;bfs;bllAL(32,0);485363;;
51;1601302542;0;/space/fuchs/shared/graph-two-datasets/yahoo-songs/base.csr;bfs;bllAL(64,0);382017;;
51;1601302556;0;/space/fuchs/shared/graph-two-datasets/yahoo-songs/base.csr;insert;bllAL(64,0);13623434;;
51;1601302556;0;/space/fuchs/shared/graph-two-datasets/yahoo-songs/base.csr;bfs;bllAL(64,0);459073;;
52;1601302558;0;/space/fuchs/shared/graph-two-datasets/yahoo-songs/base.csr;bfs;bllAL(128,0);380179;;
52;1601302566;0;/space/fuchs/shared/graph-two-datasets/yahoo-songs/base.csr;insert;bllAL(128,0);7848862;;
52;1601302567;0;/space/fuchs/shared/graph-two-datasets/yahoo-songs/base.csr;bfs;bllAL(128,0);438451;;
53;1601302569;0;/space/fuchs/shared/graph-two-datasets/yahoo-songs/base.csr;bfs;bllAL(248,0);385431;;
53;1601302575;0;/space/fuchs/shared/graph-two-datasets/yahoo-songs/base.csr;insert;bllAL(248,0);6040325;;
53;1601302575;0;/space/fuchs/shared/graph-two-datasets/yahoo-songs/base.csr;bfs;bllAL(248,0);435775;;
54;1601302578;0;/space/fuchs/shared/graph-two-datasets/yahoo-songs/base.csr;bfs;bllAL(512,0);383966;;
54;1601302584;0;/space/fuchs/shared/graph-two-datasets/yahoo-songs/base.csr;insert;bllAL(512,0);6026596;;
54;1601302585;0;/space/fuchs/shared/graph-two-datasets/yahoo-songs/base.csr;bfs;bllAL(512,0);427895;;
55;1601302592;0;/space/fuchs/shared/graph-two-datasets/soc-bitcoin/base.csr;bfs;vectorAL(0);3468653;;
55;1601302593;0;/space/fuchs/shared/graph-two-datasets/soc-bitcoin/base.csr;insert;vectorAL(0);900749;;
55;1601302597;0;/space/fuchs/shared/graph-two-datasets/soc-bitcoin/base.csr;bfs;vectorAL(0);4057120;;
56;1601302604;0;/space/fuchs/shared/graph-two-datasets/soc-bitcoin/base.csr;bfs;bllAL(32,0);3325528;;
56;1601302756;0;/space/fuchs/shared/graph-two-datasets/soc-bitcoin/base.csr;insert;bllAL(32,0);152115413;;
56;1601302760;0;/space/fuchs/shared/graph-two-datasets/soc-bitcoin/base.csr;bfs;bllAL(32,0);3770641;;
57;1601302768;0;/space/fuchs/shared/graph-two-datasets/soc-bitcoin/base.csr;bfs;bllAL(64,0);3476537;;
57;1601302894;0;/space/fuchs/shared/graph-two-datasets/soc-bitcoin/base.csr;insert;bllAL(64,0);125514657;;
57;1601302898;0;/space/fuchs/shared/graph-two-datasets/soc-bitcoin/base.csr;bfs;bllAL(64,0);3885473;;
58;1601302908;0;/space/fuchs/shared/graph-two-datasets/soc-bitcoin/base.csr;bfs;bllAL(128,0);3519473;;
58;1601302960;0;/space/fuchs/shared/graph-two-datasets/soc-bitcoin/base.csr;insert;bllAL(128,0);51460225;;
58;1601302964;0;/space/fuchs/shared/graph-two-datasets/soc-bitcoin/base.csr;bfs;bllAL(128,0);3980656;;
59;1601302979;0;/space/fuchs/shared/graph-two-datasets/soc-bitcoin/base.csr;bfs;bllAL(248,0);3613849;;
59;1601302999;0;/space/fuchs/shared/graph-two-datasets/soc-bitcoin/base.csr;insert;bllAL(248,0);20328612;;
59;1601303003;0;/space/fuchs/shared/graph-two-datasets/soc-bitcoin/base.csr;bfs;bllAL(248,0);4097331;;
60;1601303028;0;/space/fuchs/shared/graph-two-datasets/soc-bitcoin/base.csr;bfs;bllAL(512,0);3689439;;
60;1601303043;0;/space/fuchs/shared/graph-two-datasets/soc-bitcoin/base.csr;insert;bllAL(512,0);15126769;;
60;1601303047;0;/space/fuchs/shared/graph-two-datasets/soc-bitcoin/base.csr;bfs;bllAL(512,0);4275297;;
61;1601303049;0;/space/fuchs/shared/graph-two-datasets/higgs/base.csr;bfs;vectorAL(0);85629;;
61;1601303049;0;/space/fuchs/shared/graph-two-datasets/higgs/base.csr;insert;vectorAL(0);211184;;
61;1601303049;0;/space/fuchs/shared/graph-two-datasets/higgs/base.csr;bfs;vectorAL(0);100420;;
62;1601303050;0;/space/fuchs/shared/graph-two-datasets/higgs/base.csr;bfs;bllAL(32,0);75856;;
62;1601303050;0;/space/fuchs/shared/graph-two-datasets/higgs/base.csr;insert;bllAL(32,0);340109;;
62;1601303050;0;/space/fuchs/shared/graph-two-datasets/higgs/base.csr;bfs;bllAL(32,0);85538;;
63;1601303050;0;/space/fuchs/shared/graph-two-datasets/higgs/base.csr;bfs;bllAL(64,0);77916;;
63;1601303051;0;/space/fuchs/shared/graph-two-datasets/higgs/base.csr;insert;bllAL(64,0);328643;;
63;1601303051;0;/space/fuchs/shared/graph-two-datasets/higgs/base.csr;bfs;bllAL(64,0);86069;;
64;1601303051;0;/space/fuchs/shared/graph-two-datasets/higgs/base.csr;bfs;bllAL(128,0);80713;;
64;1601303051;0;/space/fuchs/shared/graph-two-datasets/higgs/base.csr;insert;bllAL(128,0);320457;;
64;1601303051;0;/space/fuchs/shared/graph-two-datasets/higgs/base.csr;bfs;bllAL(128,0);82823;;
65;1601303052;0;/space/fuchs/shared/graph-two-datasets/higgs/base.csr;bfs;bllAL(248,0);80490;;
65;1601303052;0;/space/fuchs/shared/graph-two-datasets/higgs/base.csr;insert;bllAL(248,0);340698;;
65;1601303052;0;/space/fuchs/shared/graph-two-datasets/higgs/base.csr;bfs;bllAL(248,0);85125;;
66;1601303053;0;/space/fuchs/shared/graph-two-datasets/higgs/base.csr;bfs;bllAL(512,0);82677;;
66;1601303053;0;/space/fuchs/shared/graph-two-datasets/higgs/base.csr;insert;bllAL(512,0);354142;;
66;1601303053;0;/space/fuchs/shared/graph-two-datasets/higgs/base.csr;bfs;bllAL(512,0);85546;;
67;1601303056;0;/space/fuchs/shared/graph-two-datasets/yahoo-songs/base.csr;bfs;vectorAL(0);402602;;
67;1601303056;0;/space/fuchs/shared/graph-two-datasets/yahoo-songs/base.csr;insert;vectorAL(0);694382;;
67;1601303057;0;/space/fuchs/shared/graph-two-datasets/yahoo-songs/base.csr;bfs;vectorAL(0);438269;;
68;1601303059;0;/space/fuchs/shared/graph-two-datasets/yahoo-songs/base.csr;bfs;bllAL(32,0);379707;;
68;1601303083;0;/space/fuchs/shared/graph-two-datasets/yahoo-songs/base.csr;insert;bllAL(32,0);24071591;;
68;1601303084;0;/space/fuchs/shared/graph-two-datasets/yahoo-songs/base.csr;bfs;bllAL(32,0);497489;;
69;1601303086;0;/space/fuchs/shared/graph-two-datasets/yahoo-songs/base.csr;bfs;bllAL(64,0);381891;;
69;1601303100;0;/space/fuchs/shared/graph-two-datasets/yahoo-songs/base.csr;insert;bllAL(64,0);13632606;;
69;1601303100;0;/space/fuchs/shared/graph-two-datasets/yahoo-songs/base.csr;bfs;bllAL(64,0);454903;;
70;1601303102;0;/space/fuchs/shared/graph-two-datasets/yahoo-songs/base.csr;bfs;bllAL(128,0);379846;;
70;1601303110;0;/space/fuchs/shared/graph-two-datasets/yahoo-songs/base.csr;insert;bllAL(128,0);7892172;;
70;1601303110;0;/space/fuchs/shared/graph-two-datasets/yahoo-songs/base.csr;bfs;bllAL(128,0);437938;;
71;1601303113;0;/space/fuchs/shared/graph-two-datasets/yahoo-songs/base.csr;bfs;bllAL(248,0);383634;;
71;1601303119;0;/space/fuchs/shared/graph-two-datasets/yahoo-songs/base.csr;insert;bllAL(248,0);6027826;;
71;1601303119;0;/space/fuchs/shared/graph-two-datasets/yahoo-songs/base.csr;bfs;bllAL(248,0);441615;;
72;1601303122;0;/space/fuchs/shared/graph-two-datasets/yahoo-songs/base.csr;bfs;bllAL(512,0);384332;;
72;1601303128;0;/space/fuchs/shared/graph-two-datasets/yahoo-songs/base.csr;insert;bllAL(512,0);6027302;;
72;1601303129;0;/space/fuchs/shared/graph-two-datasets/yahoo-songs/base.csr;bfs;bllAL(512,0);427053;;
73;1601303136;0;/space/fuchs/shared/graph-two-datasets/soc-bitcoin/base.csr;bfs;vectorAL(0);3462398;;
73;1601303137;0;/space/fuchs/shared/graph-two-datasets/soc-bitcoin/base.csr;insert;vectorAL(0);899645;;
73;1601303141;0;/space/fuchs/shared/graph-two-datasets/soc-bitcoin/base.csr;bfs;vectorAL(0);4041145;;
74;1601303148;0;/space/fuchs/shared/graph-two-datasets/soc-bitcoin/base.csr;bfs;bllAL(32,0);3296993;;
74;1601303299;0;/space/fuchs/shared/graph-two-datasets/soc-bitcoin/base.csr;insert;bllAL(32,0);150906798;;
74;1601303303;0;/space/fuchs/shared/graph-two-datasets/soc-bitcoin/base.csr;bfs;bllAL(32,0);3760786;;
75;1601303311;0;/space/fuchs/shared/graph-two-datasets/soc-bitcoin/base.csr;bfs;bllAL(64,0);3426538;;
75;1601303432;0;/space/fuchs/shared/graph-two-datasets/soc-bitcoin/base.csr;insert;bllAL(64,0);121491969;;
75;1601303436;0;/space/fuchs/shared/graph-two-datasets/soc-bitcoin/base.csr;bfs;bllAL(64,0);3880627;;
76;1601303447;0;/space/fuchs/shared/graph-two-datasets/soc-bitcoin/base.csr;bfs;bllAL(128,0);3526087;;
76;1601303498;0;/space/fuchs/shared/graph-two-datasets/soc-bitcoin/base.csr;insert;bllAL(128,0);51306759;;
76;1601303502;0;/space/fuchs/shared/graph-two-datasets/soc-bitcoin/base.csr;bfs;bllAL(128,0);3990431;;
77;1601303517;0;/space/fuchs/shared/graph-two-datasets/soc-bitcoin/base.csr;bfs;bllAL(248,0);3618658;;
77;1601303538;0;/space/fuchs/shared/graph-two-datasets/soc-bitcoin/base.csr;insert;bllAL(248,0);20343574;;
77;1601303542;0;/space/fuchs/shared/graph-two-datasets/soc-bitcoin/base.csr;bfs;bllAL(248,0);4090474;;
78;1601303567;0;/space/fuchs/shared/graph-two-datasets/soc-bitcoin/base.csr;bfs;bllAL(512,0);4113018;;
78;1601303582;0;/space/fuchs/shared/graph-two-datasets/soc-bitcoin/base.csr;insert;bllAL(512,0);15054643;;
78;1601303587;0;/space/fuchs/shared/graph-two-datasets/soc-bitcoin/base.csr;bfs;bllAL(512,0);4214247;;
79;1601303588;0;/space/fuchs/shared/graph-two-datasets/higgs/base.csr;bfs;vectorAL(0);85826;;
79;1601303588;0;/space/fuchs/shared/graph-two-datasets/higgs/base.csr;insert;vectorAL(0);204433;;
79;1601303588;0;/space/fuchs/shared/graph-two-datasets/higgs/base.csr;bfs;vectorAL(0);96476;;
80;1601303589;0;/space/fuchs/shared/graph-two-datasets/higgs/base.csr;bfs;bllAL(32,0);76383;;
80;1601303589;0;/space/fuchs/shared/graph-two-datasets/higgs/base.csr;insert;bllAL(32,0);341843;;
80;1601303589;0;/space/fuchs/shared/graph-two-datasets/higgs/base.csr;bfs;bllAL(32,0);85672;;
81;1601303589;0;/space/fuchs/shared/graph-two-datasets/higgs/base.csr;bfs;bllAL(64,0);79611;;
81;1601303590;0;/space/fuchs/shared/graph-two-datasets/higgs/base.csr;insert;bllAL(64,0);323364;;
81;1601303590;0;/space/fuchs/shared/graph-two-datasets/higgs/base.csr;bfs;bllAL(64,0);84377;;
82;1601303590;0;/space/fuchs/shared/graph-two-datasets/higgs/base.csr;bfs;bllAL(128,0);79282;;
82;1601303590;0;/space/fuchs/shared/graph-two-datasets/higgs/base.csr;insert;bllAL(128,0);326005;;
82;1601303590;0;/space/fuchs/shared/graph-two-datasets/higgs/base.csr;bfs;bllAL(128,0);84974;;
83;1601303591;0;/space/fuchs/shared/graph-two-datasets/higgs/base.csr;bfs;bllAL(248,0);80936;;
83;1601303591;0;/space/fuchs/shared/graph-two-datasets/higgs/base.csr;insert;bllAL(248,0);342937;;
83;1601303591;0;/space/fuchs/shared/graph-two-datasets/higgs/base.csr;bfs;bllAL(248,0);83554;;
84;1601303592;0;/space/fuchs/shared/graph-two-datasets/higgs/base.csr;bfs;bllAL(512,0);83153;;
84;1601303592;0;/space/fuchs/shared/graph-two-datasets/higgs/base.csr;insert;bllAL(512,0);356305;;
84;1601303592;0;/space/fuchs/shared/graph-two-datasets/higgs/base.csr;bfs;bllAL(512,0);85690;;
85;1601303595;0;/space/fuchs/shared/graph-two-datasets/yahoo-songs/base.csr;bfs;vectorAL(0);403662;;
85;1601303595;0;/space/fuchs/shared/graph-two-datasets/yahoo-songs/base.csr;insert;vectorAL(0);696727;;
85;1601303596;0;/space/fuchs/shared/graph-two-datasets/yahoo-songs/base.csr;bfs;vectorAL(0);437584;;
86;1601303598;0;/space/fuchs/shared/graph-two-datasets/yahoo-songs/base.csr;bfs;bllAL(32,0);379498;;
86;1601303622;0;/space/fuchs/shared/graph-two-datasets/yahoo-songs/base.csr;insert;bllAL(32,0);24109351;;
86;1601303623;0;/space/fuchs/shared/graph-two-datasets/yahoo-songs/base.csr;bfs;bllAL(32,0);486147;;
87;1601303625;0;/space/fuchs/shared/graph-two-datasets/yahoo-songs/base.csr;bfs;bllAL(64,0);382024;;
87;1601303639;0;/space/fuchs/shared/graph-two-datasets/yahoo-songs/base.csr;insert;bllAL(64,0);13617049;;
87;1601303639;0;/space/fuchs/shared/graph-two-datasets/yahoo-songs/base.csr;bfs;bllAL(64,0);454736;;
88;1601303641;0;/space/fuchs/shared/graph-two-datasets/yahoo-songs/base.csr;bfs;bllAL(128,0);379777;;
88;1601303649;0;/space/fuchs/shared/graph-two-datasets/yahoo-songs/base.csr;insert;bllAL(128,0);7819712;;
88;1601303649;0;/space/fuchs/shared/graph-two-datasets/yahoo-songs/base.csr;bfs;bllAL(128,0);437540;;
89;1601303652;0;/space/fuchs/shared/graph-two-datasets/yahoo-songs/base.csr;bfs;bllAL(248,0);383784;;
89;1601303658;0;/space/fuchs/shared/graph-two-datasets/yahoo-songs/base.csr;insert;bllAL(248,0);6025288;;
89;1601303658;0;/space/fuchs/shared/graph-two-datasets/yahoo-songs/base.csr;bfs;bllAL(248,0);431958;;
90;1601303661;0;/space/fuchs/shared/graph-two-datasets/yahoo-songs/base.csr;bfs;bllAL(512,0);384904;;
90;1601303667;0;/space/fuchs/shared/graph-two-datasets/yahoo-songs/base.csr;insert;bllAL(512,0);6033234;;
90;1601303667;0;/space/fuchs/shared/graph-two-datasets/yahoo-songs/base.csr;bfs;bllAL(512,0);427540;;
91;1601303675;0;/space/fuchs/shared/graph-two-datasets/soc-bitcoin/base.csr;bfs;vectorAL(0);3466493;;
91;1601303676;0;/space/fuchs/shared/graph-two-datasets/soc-bitcoin/base.csr;insert;vectorAL(0);900082;;
91;1601303680;0;/space/fuchs/shared/graph-two-datasets/soc-bitcoin/base.csr;bfs;vectorAL(0);4043471;;
92;1601303687;0;/space/fuchs/shared/graph-two-datasets/soc-bitcoin/base.csr;bfs;bllAL(32,0);3294942;;
92;1601303839;0;/space/fuchs/shared/graph-two-datasets/soc-bitcoin/base.csr;insert;bllAL(32,0);152223683;;
92;1601303843;0;/space/fuchs/shared/graph-two-datasets/soc-bitcoin/base.csr;bfs;bllAL(32,0);3753638;;
93;1601303851;0;/space/fuchs/shared/graph-two-datasets/soc-bitcoin/base.csr;bfs;bllAL(64,0);3421025;;
93;1601303974;0;/space/fuchs/shared/graph-two-datasets/soc-bitcoin/base.csr;insert;bllAL(64,0);122766305;;
93;1601303978;0;/space/fuchs/shared/graph-two-datasets/soc-bitcoin/base.csr;bfs;bllAL(64,0);3895230;;
94;1601303988;0;/space/fuchs/shared/graph-two-datasets/soc-bitcoin/base.csr;bfs;bllAL(128,0);3549048;;
94;1601304040;0;/space/fuchs/shared/graph-two-datasets/soc-bitcoin/base.csr;insert;bllAL(128,0);51487625;;
94;1601304044;0;/space/fuchs/shared/graph-two-datasets/soc-bitcoin/base.csr;bfs;bllAL(128,0);4009754;;
95;1601304059;0;/space/fuchs/shared/graph-two-datasets/soc-bitcoin/base.csr;bfs;bllAL(248,0);3620304;;
95;1601304079;0;/space/fuchs/shared/graph-two-datasets/soc-bitcoin/base.csr;insert;bllAL(248,0);20338029;;
95;1601304084;0;/space/fuchs/shared/graph-two-datasets/soc-bitcoin/base.csr;bfs;bllAL(248,0);4095425;;
96;1601304109;0;/space/fuchs/shared/graph-two-datasets/soc-bitcoin/base.csr;bfs;bllAL(512,0);3728950;;
96;1601304124;0;/space/fuchs/shared/graph-two-datasets/soc-bitcoin/base.csr;insert;bllAL(512,0);15288717;;
96;1601304128;0;/space/fuchs/shared/graph-two-datasets/soc-bitcoin/base.csr;bfs;bllAL(512,0);4284788;;
97;1601304130;0;/space/fuchs/shared/graph-two-datasets/higgs/base.csr;bfs;vectorAL(0);85815;;
97;1601304130;0;/space/fuchs/shared/graph-two-datasets/higgs/base.csr;insert;vectorAL(0);203886;;
97;1601304130;0;/space/fuchs/shared/graph-two-datasets/higgs/base.csr;bfs;vectorAL(0);98194;;
98;1601304130;0;/space/fuchs/shared/graph-two-datasets/higgs/base.csr;bfs;bllAL(32,0);77842;;
98;1601304131;0;/space/fuchs/shared/graph-two-datasets/higgs/base.csr;insert;bllAL(32,0);347961;;
98;1601304131;0;/space/fuchs/shared/graph-two-datasets/higgs/base.csr;bfs;bllAL(32,0);87413;;
99;1601304131;0;/space/fuchs/shared/graph-two-datasets/higgs/base.csr;bfs;bllAL(64,0);80028;;
99;1601304131;0;/space/fuchs/shared/graph-two-datasets/higgs/base.csr;insert;bllAL(64,0);322349;;
99;1601304131;0;/space/fuchs/shared/graph-two-datasets/higgs/base.csr;bfs;bllAL(64,0);83881;;
100;1601304132;0;/space/fuchs/shared/graph-two-datasets/higgs/base.csr;bfs;bllAL(128,0);79185;;
100;1601304132;0;/space/fuchs/shared/graph-two-datasets/higgs/base.csr;insert;bllAL(128,0);318528;;
100;1601304132;0;/space/fuchs/shared/graph-two-datasets/higgs/base.csr;bfs;bllAL(128,0);82904;;
101;1601304133;0;/space/fuchs/shared/graph-two-datasets/higgs/base.csr;bfs;bllAL(248,0);80178;;
101;1601304133;0;/space/fuchs/shared/graph-two-datasets/higgs/base.csr;insert;bllAL(248,0);334124;;
101;1601304133;0;/space/fuchs/shared/graph-two-datasets/higgs/base.csr;bfs;bllAL(248,0);83292;;
102;1601304134;0;/space/fuchs/shared/graph-two-datasets/higgs/base.csr;bfs;bllAL(512,0);82782;;
102;1601304134;0;/space/fuchs/shared/graph-two-datasets/higgs/base.csr;insert;bllAL(512,0);354409;;
102;1601304134;0;/space/fuchs/shared/graph-two-datasets/higgs/base.csr;bfs;bllAL(512,0);85463;;
103;1601304136;0;/space/fuchs/shared/graph-two-datasets/yahoo-songs/base.csr;bfs;vectorAL(0);403520;;
103;1601304137;0;/space/fuchs/shared/graph-two-datasets/yahoo-songs/base.csr;insert;vectorAL(0);696593;;
103;1601304138;0;/space/fuchs/shared/graph-two-datasets/yahoo-songs/base.csr;bfs;vectorAL(0);438265;;
104;1601304140;0;/space/fuchs/shared/graph-two-datasets/yahoo-songs/base.csr;bfs;bllAL(32,0);382077;;
104;1601304164;0;/space/fuchs/shared/graph-two-datasets/yahoo-songs/base.csr;insert;bllAL(32,0);24072468;;
104;1601304164;0;/space/fuchs/shared/graph-two-datasets/yahoo-songs/base.csr;bfs;bllAL(32,0);485205;;
105;1601304167;0;/space/fuchs/shared/graph-two-datasets/yahoo-songs/base.csr;bfs;bllAL(64,0);394471;;
105;1601304180;0;/space/fuchs/shared/graph-two-datasets/yahoo-songs/base.csr;insert;bllAL(64,0);13628867;;
105;1601304181;0;/space/fuchs/shared/graph-two-datasets/yahoo-songs/base.csr;bfs;bllAL(64,0);457437;;
106;1601304183;0;/space/fuchs/shared/graph-two-datasets/yahoo-songs/base.csr;bfs;bllAL(128,0);380683;;
106;1601304191;0;/space/fuchs/shared/graph-two-datasets/yahoo-songs/base.csr;insert;bllAL(128,0);8159682;;
106;1601304192;0;/space/fuchs/shared/graph-two-datasets/yahoo-songs/base.csr;bfs;bllAL(128,0);438924;;
107;1601304194;0;/space/fuchs/shared/graph-two-datasets/yahoo-songs/base.csr;bfs;bllAL(248,0);384009;;
107;1601304200;0;/space/fuchs/shared/graph-two-datasets/yahoo-songs/base.csr;insert;bllAL(248,0);6036676;;
107;1601304200;0;/space/fuchs/shared/graph-two-datasets/yahoo-songs/base.csr;bfs;bllAL(248,0);432755;;
108;1601304203;0;/space/fuchs/shared/graph-two-datasets/yahoo-songs/base.csr;bfs;bllAL(512,0);383778;;
108;1601304209;0;/space/fuchs/shared/graph-two-datasets/yahoo-songs/base.csr;insert;bllAL(512,0);6033664;;
108;1601304210;0;/space/fuchs/shared/graph-two-datasets/yahoo-songs/base.csr;bfs;bllAL(512,0);426934;;
109;1601304217;0;/space/fuchs/shared/graph-two-datasets/soc-bitcoin/base.csr;bfs;vectorAL(0);3472034;;
109;1601304218;0;/space/fuchs/shared/graph-two-datasets/soc-bitcoin/base.csr;insert;vectorAL(0);911424;;
109;1601304222;0;/space/fuchs/shared/graph-two-datasets/soc-bitcoin/base.csr;bfs;vectorAL(0);4106292;;
110;1601304229;0;/space/fuchs/shared/graph-two-datasets/soc-bitcoin/base.csr;bfs;bllAL(32,0);3312118;;
110;1601304381;0;/space/fuchs/shared/graph-two-datasets/soc-bitcoin/base.csr;insert;bllAL(32,0);151801542;;
110;1601304385;0;/space/fuchs/shared/graph-two-datasets/soc-bitcoin/base.csr;bfs;bllAL(32,0);3753752;;
111;1601304393;0;/space/fuchs/shared/graph-two-datasets/soc-bitcoin/base.csr;bfs;bllAL(64,0);3434212;;
111;1601304514;0;/space/fuchs/shared/graph-two-datasets/soc-bitcoin/base.csr;insert;bllAL(64,0);121017124;;
111;1601304518;0;/space/fuchs/shared/graph-two-datasets/soc-bitcoin/base.csr;bfs;bllAL(64,0);3872802;;
112;1601304528;0;/space/fuchs/shared/graph-two-datasets/soc-bitcoin/base.csr;bfs;bllAL(128,0);3523526;;
112;1601304580;0;/space/fuchs/shared/graph-two-datasets/soc-bitcoin/base.csr;insert;bllAL(128,0);51300133;;
112;1601304584;0;/space/fuchs/shared/graph-two-datasets/soc-bitcoin/base.csr;bfs;bllAL(128,0);4028554;;
113;1601304599;0;/space/fuchs/shared/graph-two-datasets/soc-bitcoin/base.csr;bfs;bllAL(248,0);3620616;;
113;1601304619;0;/space/fuchs/shared/graph-two-datasets/soc-bitcoin/base.csr;insert;bllAL(248,0);20386795;;
113;1601304623;0;/space/fuchs/shared/graph-two-datasets/soc-bitcoin/base.csr;bfs;bllAL(248,0);4131099;;
114;1601304648;0;/space/fuchs/shared/graph-two-datasets/soc-bitcoin/base.csr;bfs;bllAL(512,0);3708685;;
114;1601304663;0;/space/fuchs/shared/graph-two-datasets/soc-bitcoin/base.csr;insert;bllAL(512,0);15035586;;
114;1601304668;0;/space/fuchs/shared/graph-two-datasets/soc-bitcoin/base.csr;bfs;bllAL(512,0);4238416;;
115;1601304669;0;/space/fuchs/shared/graph-two-datasets/higgs/base.csr;bfs;vectorAL(0);85669;;
115;1601304669;0;/space/fuchs/shared/graph-two-datasets/higgs/base.csr;insert;vectorAL(0);203640;;
115;1601304669;0;/space/fuchs/shared/graph-two-datasets/higgs/base.csr;bfs;vectorAL(0);97972;;
116;1601304670;0;/space/fuchs/shared/graph-two-datasets/higgs/base.csr;bfs;bllAL(32,0);76232;;
116;1601304670;0;/space/fuchs/shared/graph-two-datasets/higgs/base.csr;insert;bllAL(32,0);346905;;
116;1601304670;0;/space/fuchs/shared/graph-two-datasets/higgs/base.csr;bfs;bllAL(32,0);88352;;
117;1601304670;0;/space/fuchs/shared/graph-two-datasets/higgs/base.csr;bfs;bllAL(64,0);78293;;
117;1601304671;0;/space/fuchs/shared/graph-two-datasets/higgs/base.csr;insert;bllAL(64,0);321867;;
117;1601304671;0;/space/fuchs/shared/graph-two-datasets/higgs/base.csr;bfs;bllAL(64,0);83959;;
118;1601304671;0;/space/fuchs/shared/graph-two-datasets/higgs/base.csr;bfs;bllAL(128,0);79272;;
118;1601304671;0;/space/fuchs/shared/graph-two-datasets/higgs/base.csr;insert;bllAL(128,0);320338;;
118;1601304671;0;/space/fuchs/shared/graph-two-datasets/higgs/base.csr;bfs;bllAL(128,0);83124;;
119;1601304672;0;/space/fuchs/shared/graph-two-datasets/higgs/base.csr;bfs;bllAL(248,0);80626;;
119;1601304672;0;/space/fuchs/shared/graph-two-datasets/higgs/base.csr;insert;bllAL(248,0);334470;;
119;1601304672;0;/space/fuchs/shared/graph-two-datasets/higgs/base.csr;bfs;bllAL(248,0);83657;;
120;1601304673;0;/space/fuchs/shared/graph-two-datasets/higgs/base.csr;bfs;bllAL(512,0);82854;;
120;1601304673;0;/space/fuchs/shared/graph-two-datasets/higgs/base.csr;insert;bllAL(512,0);354401;;
120;1601304673;0;/space/fuchs/shared/graph-two-datasets/higgs/base.csr;bfs;bllAL(512,0);85501;;
121;1601304676;0;/space/fuchs/shared/graph-two-datasets/yahoo-songs/base.csr;bfs;vectorAL(0);402922;;
121;1601304676;0;/space/fuchs/shared/graph-two-datasets/yahoo-songs/base.csr;insert;vectorAL(0);696090;;
121;1601304677;0;/space/fuchs/shared/graph-two-datasets/yahoo-songs/base.csr;bfs;vectorAL(0);437468;;
122;1601304679;0;/space/fuchs/shared/graph-two-datasets/yahoo-songs/base.csr;bfs;bllAL(32,0);378990;;
122;1601304703;0;/space/fuchs/shared/graph-two-datasets/yahoo-songs/base.csr;insert;bllAL(32,0);24121591;;
122;1601304704;0;/space/fuchs/shared/graph-two-datasets/yahoo-songs/base.csr;bfs;bllAL(32,0);484729;;
123;1601304706;0;/space/fuchs/shared/graph-two-datasets/yahoo-songs/base.csr;bfs;bllAL(64,0);383317;;
123;1601304719;0;/space/fuchs/shared/graph-two-datasets/yahoo-songs/base.csr;insert;bllAL(64,0);13622255;;
123;1601304720;0;/space/fuchs/shared/graph-two-datasets/yahoo-songs/base.csr;bfs;bllAL(64,0);468201;;
124;1601304722;0;/space/fuchs/shared/graph-two-datasets/yahoo-songs/base.csr;bfs;bllAL(128,0);379449;;
124;1601304730;0;/space/fuchs/shared/graph-two-datasets/yahoo-songs/base.csr;insert;bllAL(128,0);7829385;;
124;1601304730;0;/space/fuchs/shared/graph-two-datasets/yahoo-songs/base.csr;bfs;bllAL(128,0);438053;;
125;1601304733;0;/space/fuchs/shared/graph-two-datasets/yahoo-songs/base.csr;bfs;bllAL(248,0);384047;;
125;1601304739;0;/space/fuchs/shared/graph-two-datasets/yahoo-songs/base.csr;insert;bllAL(248,0);6052730;;
125;1601304739;0;/space/fuchs/shared/graph-two-datasets/yahoo-songs/base.csr;bfs;bllAL(248,0);433909;;
126;1601304742;0;/space/fuchs/shared/graph-two-datasets/yahoo-songs/base.csr;bfs;bllAL(512,0);383921;;
126;1601304748;0;/space/fuchs/shared/graph-two-datasets/yahoo-songs/base.csr;insert;bllAL(512,0);6021069;;
126;1601304748;0;/space/fuchs/shared/graph-two-datasets/yahoo-songs/base.csr;bfs;bllAL(512,0);426812;;
127;1601304756;0;/space/fuchs/shared/graph-two-datasets/soc-bitcoin/base.csr;bfs;vectorAL(0);3473620;;
127;1601304757;0;/space/fuchs/shared/graph-two-datasets/soc-bitcoin/base.csr;insert;vectorAL(0);914587;;
127;1601304761;0;/space/fuchs/shared/graph-two-datasets/soc-bitcoin/base.csr;bfs;vectorAL(0);4050425;;
128;1601304768;0;/space/fuchs/shared/graph-two-datasets/soc-bitcoin/base.csr;bfs;bllAL(32,0);3306042;;
128;1601304921;0;/space/fuchs/shared/graph-two-datasets/soc-bitcoin/base.csr;insert;bllAL(32,0);153083130;;
128;1601304925;0;/space/fuchs/shared/graph-two-datasets/soc-bitcoin/base.csr;bfs;bllAL(32,0);3757311;;
129;1601304933;0;/space/fuchs/shared/graph-two-datasets/soc-bitcoin/base.csr;bfs;bllAL(64,0);3470959;;
129;1601305055;0;/space/fuchs/shared/graph-two-datasets/soc-bitcoin/base.csr;insert;bllAL(64,0);122073648;;
129;1601305059;0;/space/fuchs/shared/graph-two-datasets/soc-bitcoin/base.csr;bfs;bllAL(64,0);3881522;;
130;1601305069;0;/space/fuchs/shared/graph-two-datasets/soc-bitcoin/base.csr;bfs;bllAL(128,0);3527711;;
130;1601305121;0;/space/fuchs/shared/graph-two-datasets/soc-bitcoin/base.csr;insert;bllAL(128,0);51406142;;
130;1601305125;0;/space/fuchs/shared/graph-two-datasets/soc-bitcoin/base.csr;bfs;bllAL(128,0);3988216;;
131;1601305140;0;/space/fuchs/shared/graph-two-datasets/soc-bitcoin/base.csr;bfs;bllAL(248,0);3653815;;
131;1601305160;0;/space/fuchs/shared/graph-two-datasets/soc-bitcoin/base.csr;insert;bllAL(248,0);20367750;;
131;1601305164;0;/space/fuchs/shared/graph-two-datasets/soc-bitcoin/base.csr;bfs;bllAL(248,0);4135788;;
132;1601305190;0;/space/fuchs/shared/graph-two-datasets/soc-bitcoin/base.csr;bfs;bllAL(512,0);3720454;;
132;1601305205;0;/space/fuchs/shared/graph-two-datasets/soc-bitcoin/base.csr;insert;bllAL(512,0);15057750;;
132;1601305209;0;/space/fuchs/shared/graph-two-datasets/soc-bitcoin/base.csr;bfs;bllAL(512,0);4231331;;
133;1601305210;0;/space/fuchs/shared/graph-two-datasets/higgs/base.csr;bfs;vectorAL(0);85802;;
133;1601305211;0;/space/fuchs/shared/graph-two-datasets/higgs/base.csr;insert;vectorAL(0);208647;;
133;1601305211;0;/space/fuchs/shared/graph-two-datasets/higgs/base.csr;bfs;vectorAL(0);98136;;
134;1601305211;0;/space/fuchs/shared/graph-two-datasets/higgs/base.csr;bfs;bllAL(32,0);76039;;
134;1601305211;0;/space/fuchs/shared/graph-two-datasets/higgs/base.csr;insert;bllAL(32,0);342207;;
134;1601305211;0;/space/fuchs/shared/graph-two-datasets/higgs/base.csr;bfs;bllAL(32,0);85370;;
135;1601305212;0;/space/fuchs/shared/graph-two-datasets/higgs/base.csr;bfs;bllAL(64,0);78238;;
135;1601305212;0;/space/fuchs/shared/graph-two-datasets/higgs/base.csr;insert;bllAL(64,0);322491;;
135;1601305212;0;/space/fuchs/shared/graph-two-datasets/higgs/base.csr;bfs;bllAL(64,0);84338;;
136;1601305212;0;/space/fuchs/shared/graph-two-datasets/higgs/base.csr;bfs;bllAL(128,0);79056;;
136;1601305213;0;/space/fuchs/shared/graph-two-datasets/higgs/base.csr;insert;bllAL(128,0);324934;;
136;1601305213;0;/space/fuchs/shared/graph-two-datasets/higgs/base.csr;bfs;bllAL(128,0);84870;;
137;1601305213;0;/space/fuchs/shared/graph-two-datasets/higgs/base.csr;bfs;bllAL(248,0);80284;;
137;1601305213;0;/space/fuchs/shared/graph-two-datasets/higgs/base.csr;insert;bllAL(248,0);333599;;
137;1601305214;0;/space/fuchs/shared/graph-two-datasets/higgs/base.csr;bfs;bllAL(248,0);83697;;
138;1601305214;0;/space/fuchs/shared/graph-two-datasets/higgs/base.csr;bfs;bllAL(512,0);82873;;
138;1601305215;0;/space/fuchs/shared/graph-two-datasets/higgs/base.csr;insert;bllAL(512,0);354975;;
138;1601305215;0;/space/fuchs/shared/graph-two-datasets/higgs/base.csr;bfs;bllAL(512,0);85578;;
139;1601305217;0;/space/fuchs/shared/graph-two-datasets/yahoo-songs/base.csr;bfs;vectorAL(0);404189;;
139;1601305218;0;/space/fuchs/shared/graph-two-datasets/yahoo-songs/base.csr;insert;vectorAL(0);696701;;
139;1601305218;0;/space/fuchs/shared/graph-two-datasets/yahoo-songs/base.csr;bfs;vectorAL(0);438642;;
140;1601305220;0;/space/fuchs/shared/graph-two-datasets/yahoo-songs/base.csr;bfs;bllAL(32,0);379605;;
140;1601305245;0;/space/fuchs/shared/graph-two-datasets/yahoo-songs/base.csr;insert;bllAL(32,0);24163958;;
140;1601305245;0;/space/fuchs/shared/graph-two-datasets/yahoo-songs/base.csr;bfs;bllAL(32,0);492578;;
141;1601305247;0;/space/fuchs/shared/graph-two-datasets/yahoo-songs/base.csr;bfs;bllAL(64,0);382871;;
141;1601305261;0;/space/fuchs/shared/graph-two-datasets/yahoo-songs/base.csr;insert;bllAL(64,0);13638896;;
141;1601305261;0;/space/fuchs/shared/graph-two-datasets/yahoo-songs/base.csr;bfs;bllAL(64,0);454891;;
142;1601305264;0;/space/fuchs/shared/graph-two-datasets/yahoo-songs/base.csr;bfs;bllAL(128,0);379121;;
142;1601305271;0;/space/fuchs/shared/graph-two-datasets/yahoo-songs/base.csr;insert;bllAL(128,0);7819266;;
142;1601305272;0;/space/fuchs/shared/graph-two-datasets/yahoo-songs/base.csr;bfs;bllAL(128,0);436896;;
143;1601305274;0;/space/fuchs/shared/graph-two-datasets/yahoo-songs/base.csr;bfs;bllAL(248,0);384582;;
143;1601305280;0;/space/fuchs/shared/graph-two-datasets/yahoo-songs/base.csr;insert;bllAL(248,0);6043898;;
143;1601305281;0;/space/fuchs/shared/graph-two-datasets/yahoo-songs/base.csr;bfs;bllAL(248,0);434290;;
144;1601305283;0;/space/fuchs/shared/graph-two-datasets/yahoo-songs/base.csr;bfs;bllAL(512,0);385358;;
144;1601305289;0;/space/fuchs/shared/graph-two-datasets/yahoo-songs/base.csr;insert;bllAL(512,0);6029175;;
144;1601305290;0;/space/fuchs/shared/graph-two-datasets/yahoo-songs/base.csr;bfs;bllAL(512,0);438727;;
145;1601305298;0;/space/fuchs/shared/graph-two-datasets/soc-bitcoin/base.csr;bfs;vectorAL(0);3467814;;
145;1601305299;0;/space/fuchs/shared/graph-two-datasets/soc-bitcoin/base.csr;insert;vectorAL(0);902959;;
145;1601305303;0;/space/fuchs/shared/graph-two-datasets/soc-bitcoin/base.csr;bfs;vectorAL(0);4762923;;
146;1601305310;0;/space/fuchs/shared/graph-two-datasets/soc-bitcoin/base.csr;bfs;bllAL(32,0);3296298;;
146;1601305463;0;/space/fuchs/shared/graph-two-datasets/soc-bitcoin/base.csr;insert;bllAL(32,0);152551157;;
146;1601305467;0;/space/fuchs/shared/graph-two-datasets/soc-bitcoin/base.csr;bfs;bllAL(32,0);3751135;;
147;1601305475;0;/space/fuchs/shared/graph-two-datasets/soc-bitcoin/base.csr;bfs;bllAL(64,0);3449718;;
147;1601305596;0;/space/fuchs/shared/graph-two-datasets/soc-bitcoin/base.csr;insert;bllAL(64,0);121850227;;
147;1601305600;0;/space/fuchs/shared/graph-two-datasets/soc-bitcoin/base.csr;bfs;bllAL(64,0);3903257;;
148;1601305611;0;/space/fuchs/shared/graph-two-datasets/soc-bitcoin/base.csr;bfs;bllAL(128,0);3579800;;
148;1601305662;0;/space/fuchs/shared/graph-two-datasets/soc-bitcoin/base.csr;insert;bllAL(128,0);51322693;;
148;1601305666;0;/space/fuchs/shared/graph-two-datasets/soc-bitcoin/base.csr;bfs;bllAL(128,0);3988984;;
149;1601305681;0;/space/fuchs/shared/graph-two-datasets/soc-bitcoin/base.csr;bfs;bllAL(248,0);3622938;;
149;1601305702;0;/space/fuchs/shared/graph-two-datasets/soc-bitcoin/base.csr;insert;bllAL(248,0);20622773;;
149;1601305706;0;/space/fuchs/shared/graph-two-datasets/soc-bitcoin/base.csr;bfs;bllAL(248,0);4087184;;
150;1601305731;0;/space/fuchs/shared/graph-two-datasets/soc-bitcoin/base.csr;bfs;bllAL(512,0);3697995;;
150;1601305746;0;/space/fuchs/shared/graph-two-datasets/soc-bitcoin/base.csr;insert;bllAL(512,0);15060830;;
150;1601305751;0;/space/fuchs/shared/graph-two-datasets/soc-bitcoin/base.csr;bfs;bllAL(512,0);4207276;;
151;1601305752;0;/space/fuchs/shared/graph-two-datasets/higgs/base.csr;bfs;vectorAL(0);85799;;
151;1601305752;0;/space/fuchs/shared/graph-two-datasets/higgs/base.csr;insert;vectorAL(0);203323;;
151;1601305752;0;/space/fuchs/shared/graph-two-datasets/higgs/base.csr;bfs;vectorAL(0);95912;;
152;1601305753;0;/space/fuchs/shared/graph-two-datasets/higgs/base.csr;bfs;bllAL(32,0);76003;;
152;1601305753;0;/space/fuchs/shared/graph-two-datasets/higgs/base.csr;insert;bllAL(32,0);340445;;
152;1601305753;0;/space/fuchs/shared/graph-two-datasets/higgs/base.csr;bfs;bllAL(32,0);85490;;
153;1601305753;0;/space/fuchs/shared/graph-two-datasets/higgs/base.csr;bfs;bllAL(64,0);78203;;
153;1601305754;0;/space/fuchs/shared/graph-two-datasets/higgs/base.csr;insert;bllAL(64,0);321814;;
153;1601305754;0;/space/fuchs/shared/graph-two-datasets/higgs/base.csr;bfs;bllAL(64,0);83887;;
154;1601305754;0;/space/fuchs/shared/graph-two-datasets/higgs/base.csr;bfs;bllAL(128,0);78860;;
154;1601305754;0;/space/fuchs/shared/graph-two-datasets/higgs/base.csr;insert;bllAL(128,0);318222;;
154;1601305754;0;/space/fuchs/shared/graph-two-datasets/higgs/base.csr;bfs;bllAL(128,0);82964;;
155;1601305755;0;/space/fuchs/shared/graph-two-datasets/higgs/base.csr;bfs;bllAL(248,0);80186;;
155;1601305755;0;/space/fuchs/shared/graph-two-datasets/higgs/base.csr;insert;bllAL(248,0);334507;;
155;1601305755;0;/space/fuchs/shared/graph-two-datasets/higgs/base.csr;bfs;bllAL(248,0);83061;;
156;1601305756;0;/space/fuchs/shared/graph-two-datasets/higgs/base.csr;bfs;bllAL(512,0);82839;;
156;1601305756;0;/space/fuchs/shared/graph-two-datasets/higgs/base.csr;insert;bllAL(512,0);354957;;
156;1601305756;0;/space/fuchs/shared/graph-two-datasets/higgs/base.csr;bfs;bllAL(512,0);85448;;
157;1601305759;0;/space/fuchs/shared/graph-two-datasets/yahoo-songs/base.csr;bfs;vectorAL(0);403606;;
157;1601305759;0;/space/fuchs/shared/graph-two-datasets/yahoo-songs/base.csr;insert;vectorAL(0);698399;;
157;1601305760;0;/space/fuchs/shared/graph-two-datasets/yahoo-songs/base.csr;bfs;vectorAL(0);438235;;
158;1601305762;0;/space/fuchs/shared/graph-two-datasets/yahoo-songs/base.csr;bfs;bllAL(32,0);378948;;
158;1601305786;0;/space/fuchs/shared/graph-two-datasets/yahoo-songs/base.csr;insert;bllAL(32,0);24116529;;
158;1601305787;0;/space/fuchs/shared/graph-two-datasets/yahoo-songs/base.csr;bfs;bllAL(32,0);486034;;
159;1601305789;0;/space/fuchs/shared/graph-two-datasets/yahoo-songs/base.csr;bfs;bllAL(64,0);383033;;
159;1601305803;0;/space/fuchs/shared/graph-two-datasets/yahoo-songs/base.csr;insert;bllAL(64,0);13608498;;
159;1601305803;0;/space/fuchs/shared/graph-two-datasets/yahoo-songs/base.csr;bfs;bllAL(64,0);455463;;
160;1601305805;0;/space/fuchs/shared/graph-two-datasets/yahoo-songs/base.csr;bfs;bllAL(128,0);379266;;
160;1601305813;0;/space/fuchs/shared/graph-two-datasets/yahoo-songs/base.csr;insert;bllAL(128,0);7860952;;
160;1601305814;0;/space/fuchs/shared/graph-two-datasets/yahoo-songs/base.csr;bfs;bllAL(128,0);436921;;
161;1601305816;0;/space/fuchs/shared/graph-two-datasets/yahoo-songs/base.csr;bfs;bllAL(248,0);384345;;
161;1601305822;0;/space/fuchs/shared/graph-two-datasets/yahoo-songs/base.csr;insert;bllAL(248,0);6045582;;
161;1601305822;0;/space/fuchs/shared/graph-two-datasets/yahoo-songs/base.csr;bfs;bllAL(248,0);432812;;
162;1601305825;0;/space/fuchs/shared/graph-two-datasets/yahoo-songs/base.csr;bfs;bllAL(512,0);383945;;
162;1601305831;0;/space/fuchs/shared/graph-two-datasets/yahoo-songs/base.csr;insert;bllAL(512,0);6029169;;
162;1601305832;0;/space/fuchs/shared/graph-two-datasets/yahoo-songs/base.csr;bfs;bllAL(512,0);428485;;
163;1601305839;0;/space/fuchs/shared/graph-two-datasets/soc-bitcoin/base.csr;bfs;vectorAL(0);3502981;;
163;1601305840;0;/space/fuchs/shared/graph-two-datasets/soc-bitcoin/base.csr;insert;vectorAL(0);924738;;
163;1601305844;0;/space/fuchs/shared/graph-two-datasets/soc-bitcoin/base.csr;bfs;vectorAL(0);4090572;;
164;1601305851;0;/space/fuchs/shared/graph-two-datasets/soc-bitcoin/base.csr;bfs;bllAL(32,0);3312836;;
164;1601306003;0;/space/fuchs/shared/graph-two-datasets/soc-bitcoin/base.csr;insert;bllAL(32,0);152041305;;
164;1601306007;0;/space/fuchs/shared/graph-two-datasets/soc-bitcoin/base.csr;bfs;bllAL(32,0);3800912;;
165;1601306015;0;/space/fuchs/shared/graph-two-datasets/soc-bitcoin/base.csr;bfs;bllAL(64,0);3498551;;
165;1601306137;0;/space/fuchs/shared/graph-two-datasets/soc-bitcoin/base.csr;insert;bllAL(64,0);121885142;;
165;1601306141;0;/space/fuchs/shared/graph-two-datasets/soc-bitcoin/base.csr;bfs;bllAL(64,0);3890062;;
166;1601306151;0;/space/fuchs/shared/graph-two-datasets/soc-bitcoin/base.csr;bfs;bllAL(128,0);3529847;;
166;1601306203;0;/space/fuchs/shared/graph-two-datasets/soc-bitcoin/base.csr;insert;bllAL(128,0);51297515;;
166;1601306207;0;/space/fuchs/shared/graph-two-datasets/soc-bitcoin/base.csr;bfs;bllAL(128,0);3982726;;
167;1601306222;0;/space/fuchs/shared/graph-two-datasets/soc-bitcoin/base.csr;bfs;bllAL(248,0);3619243;;
167;1601306242;0;/space/fuchs/shared/graph-two-datasets/soc-bitcoin/base.csr;insert;bllAL(248,0);20362962;;
167;1601306246;0;/space/fuchs/shared/graph-two-datasets/soc-bitcoin/base.csr;bfs;bllAL(248,0);4110312;;
168;1601306272;0;/space/fuchs/shared/graph-two-datasets/soc-bitcoin/base.csr;bfs;bllAL(512,0);3699401;;
168;1601306287;0;/space/fuchs/shared/graph-two-datasets/soc-bitcoin/base.csr;insert;bllAL(512,0);15019740;;
168;1601306291;0;/space/fuchs/shared/graph-two-datasets/soc-bitcoin/base.csr;bfs;bllAL(512,0);4199155;;
169;1601306292;0;/space/fuchs/shared/graph-two-datasets/higgs/base.csr;bfs;vectorAL(0);86163;;
169;1601306292;0;/space/fuchs/shared/graph-two-datasets/higgs/base.csr;insert;vectorAL(0);203829;;
169;1601306293;0;/space/fuchs/shared/graph-two-datasets/higgs/base.csr;bfs;vectorAL(0);95984;;
170;1601306293;0;/space/fuchs/shared/graph-two-datasets/higgs/base.csr;bfs;bllAL(32,0);76459;;
170;1601306293;0;/space/fuchs/shared/graph-two-datasets/higgs/base.csr;insert;bllAL(32,0);347312;;
170;1601306293;0;/space/fuchs/shared/graph-two-datasets/higgs/base.csr;bfs;bllAL(32,0);87874;;
171;1601306293;0;/space/fuchs/shared/graph-two-datasets/higgs/base.csr;bfs;bllAL(64,0);78420;;
171;1601306294;0;/space/fuchs/shared/graph-two-datasets/higgs/base.csr;insert;bllAL(64,0);328969;;
171;1601306294;0;/space/fuchs/shared/graph-two-datasets/higgs/base.csr;bfs;bllAL(64,0);85913;;
172;1601306294;0;/space/fuchs/shared/graph-two-datasets/higgs/base.csr;bfs;bllAL(128,0);79147;;
172;1601306295;0;/space/fuchs/shared/graph-two-datasets/higgs/base.csr;insert;bllAL(128,0);318498;;
172;1601306295;0;/space/fuchs/shared/graph-two-datasets/higgs/base.csr;bfs;bllAL(128,0);83132;;
173;1601306295;0;/space/fuchs/shared/graph-two-datasets/higgs/base.csr;bfs;bllAL(248,0);80796;;
173;1601306295;0;/space/fuchs/shared/graph-two-datasets/higgs/base.csr;insert;bllAL(248,0);335909;;
173;1601306295;0;/space/fuchs/shared/graph-two-datasets/higgs/base.csr;bfs;bllAL(248,0);83610;;
174;1601306296;0;/space/fuchs/shared/graph-two-datasets/higgs/base.csr;bfs;bllAL(512,0);82675;;
174;1601306296;0;/space/fuchs/shared/graph-two-datasets/higgs/base.csr;insert;bllAL(512,0);361317;;
174;1601306297;0;/space/fuchs/shared/graph-two-datasets/higgs/base.csr;bfs;bllAL(512,0);87340;;
175;1601306299;0;/space/fuchs/shared/graph-two-datasets/yahoo-songs/base.csr;bfs;vectorAL(0);415245;;
175;1601306300;0;/space/fuchs/shared/graph-two-datasets/yahoo-songs/base.csr;insert;vectorAL(0);704857;;
175;1601306300;0;/space/fuchs/shared/graph-two-datasets/yahoo-songs/base.csr;bfs;vectorAL(0);439877;;
176;1601306302;0;/space/fuchs/shared/graph-two-datasets/yahoo-songs/base.csr;bfs;bllAL(32,0);379377;;
176;1601306326;0;/space/fuchs/shared/graph-two-datasets/yahoo-songs/base.csr;insert;bllAL(32,0);24070490;;
176;1601306327;0;/space/fuchs/shared/graph-two-datasets/yahoo-songs/base.csr;bfs;bllAL(32,0);484641;;
177;1601306329;0;/space/fuchs/shared/graph-two-datasets/yahoo-songs/base.csr;bfs;bllAL(64,0);382515;;
177;1601306343;0;/space/fuchs/shared/graph-two-datasets/yahoo-songs/base.csr;insert;bllAL(64,0);13618593;;
177;1601306343;0;/space/fuchs/shared/graph-two-datasets/yahoo-songs/base.csr;bfs;bllAL(64,0);457331;;
178;1601306345;0;/space/fuchs/shared/graph-two-datasets/yahoo-songs/base.csr;bfs;bllAL(128,0);379786;;
178;1601306353;0;/space/fuchs/shared/graph-two-datasets/yahoo-songs/base.csr;insert;bllAL(128,0);7819984;;
178;1601306354;0;/space/fuchs/shared/graph-two-datasets/yahoo-songs/base.csr;bfs;bllAL(128,0);437576;;
179;1601306356;0;/space/fuchs/shared/graph-two-datasets/yahoo-songs/base.csr;bfs;bllAL(248,0);384426;;
179;1601306362;0;/space/fuchs/shared/graph-two-datasets/yahoo-songs/base.csr;insert;bllAL(248,0);6037191;;
179;1601306363;0;/space/fuchs/shared/graph-two-datasets/yahoo-songs/base.csr;bfs;bllAL(248,0);433806;;
180;1601306365;0;/space/fuchs/shared/graph-two-datasets/yahoo-songs/base.csr;bfs;bllAL(512,0);384377;;
180;1601306371;0;/space/fuchs/shared/graph-two-datasets/yahoo-songs/base.csr;insert;bllAL(512,0);6032254;;
180;1601306372;0;/space/fuchs/shared/graph-two-datasets/yahoo-songs/base.csr;bfs;bllAL(512,0);427181;;
